{
    "$schema": "https://json-schema.org/draft/2020-12/schema",
    "$id": "http://example.com/shop.schema.json",
    "title": "root",
    "type": "object",
    "properties": {
        "Visitors": {
            "title": "Visitors Collection",
            "description": "Collection of visitors",
            "type": "array",
            "items": {
                "$ref": "#/definitions/Visitor"
            }
        }
    },
    "required": [ "Visitors" ],
    "definitions": {
        "Visitor": {
            "title": "visitor",
            "description": "A visitor",
            "type": "object",
            "properties": {
                "fullname": {
                    "description": "Full name of the visitor",
                    "type": "string"
                },

                "nickname": {
                    "description": "Nickname of the visitor",
                    "type": "string"
                },

                "numberOfVisits": {
                    "description": "Number of visits of the visitor",
                    "type": "integer"
                },

                "phoneNumbers": {
                    "description": "Phone numbers of the visitor",
                    "type": "array",
                    "items": {
                        "type": "string"
                    }
                }
            },
            "required": [ "numberOfVisits", "fullname", "nickname"]
        } 
    }
}
