{
    "$schema": "https://json-schema.org/draft/2020-12/schema",
    "$id": "http://example.com/shop.schema.json",
    "title": "root",
    "type": "object",
    "properties": {
        "Logos" : {       
            "title": "Logos Collection",
            "description": "Collection of logos",
            "type": "array",
            "items": {
                "$ref": "#/definitions/Logo"
            }
        }  
    },
    "required": ["Logos"],

    "definitions": {
        "Logo": {
            "description": "The logo of the shop",
            "type": "object",
            "properties":{
                "image_uri": {
                    "description": "image of the shop's logo.",
                    "type": "string",
                    "format": "uri"
                },

                "creationDate": {
                    "description": "date of creation of the logo.",
                    "type": "string",
                    "format": "date"
                }

            },
            "required": [ "image_uri", "creationDate" ]
        }
    }
}


