{
  "@context": "http://www.w3.org/ns/csvw",
  "@type": "TableGroup",
  "@id": "https://example.org/tableGroup",
  "tables": [{
    "@type": "Table",
    "@id": "https://example.org/data-1.csv-metadata.json",
    "url": "data-1.csv",
    "tableSchema": {
			"@type": "Schema",
      "aboutUrl" : "https://example.org/resource/{ID}",
      "columns": [{
				"@type": "Column",
        "name": "ID",
        "titles": "ID",
				"dc:description": "The employee's URI",
        "datatype": "string",
				"required": true,
        "propertyUrl": "rdf:type",
        "valueUrl": "https://example.org/vocabulary/Employee"
      }, {
				"@type": "Column",
        "name": "Identifier",
        "titles": "Identifier",
				"dc:description": "The employee's work identifier",
        "datatype": "string",
				"required": true,
        "propertyUrl": "https://schema.org/identifier"
      }, {
				"@type": "Column",
        "name": "Salary",
        "titles": "Salary",
				"dc:description": "The employee's salary",
        "datatype": "integer",
				"required": true,
        "propertyUrl": "https://example.org/vocabulary/salary"
      }, {
				"@type": "Column",
        "name": "ShopID",
        "titles": "ShopID",
				"dc:description": "The shop's URI the employee works at",
        "datatype": "string",
				"required": true,
				"aboutUrl": "https://example.org/resource/{ShopID}",
				"propertyUrl": "https://schema.org/employee",
				"valueUrl": "https://example.org/resource/{ID}"
      }],
      "primaryKey": "ID",
      "foreignKeys": [{
        "columnReference": "ID",
        "reference": {
          "resource": "data-8.csv",
          "columnReference": "ID"
        }
      }]
    }
  }, {
    "@type": "Table",
    "@id": "https://example.org/data-2.csv-metadata.json",
    "url": "data-2.csv",
    "tableSchema": {
			"@type": "Schema",
			"aboutUrl" : "https://example.org/resource/{ID}",
			"columns": [{
				"@type": "Column",
				"name": "ID",
				"titles": "ID",
				"dc:description": "The visitor's URI",
				"datatype": "string",
				"required": true,
				"propertyUrl": "rdf:type",
				"valueUrl": "https://example.org/vocabulary/Customer"
			}, {
				"@type": "Column",
				"name": "Nickname",
				"titles": "Nickname",
				"dc:description": "The visitor's nickname",
				"datatype": "string",
				"lang": "en",
				"required": true,
				"propertyUrl": "http://xmlns.com/foaf/0.1/nick"
			}, {
				"@type": "Column",
				"name": "NumberOfVisits",
				"titles": "NumberOfVisits",
				"dc:description": "The amount of times the visitor has visited the shop",
				"datatype": "integer",
				"required": true,
				"propertyUrl": "https://example.org/vocabulary/numberOfVisits"
			}],
			"primaryKey": "ID",
			"foreignKeys": [{
				"columnReference": "ID",
				"reference": {
					"resource": "data-8.csv",
					"columnReference": "ID"
				}
      }]
		}
  }, {
    "@type": "Table",
		"@id": "https://example.org/data-3.csv-metadata.json",
    "url": "data-3.csv",
    "tableSchema": {
      "@type": "Schema",
			"aboutUrl": "https://example.org/resource/{ID}",
			"columns": [{
				"@type":"Column",
				"name": "ID",
				"titles": "ID",
				"dc:description": "ID of the logo",
				"required": true,
				"datatype": "string",
				"propertyUrl": "rdf:type",
				"valueUrl": "https://schema.org/ImageObject"
			},{
				"@type":"Column",
				"name": "Image",
				"titles": "Image",
				"dc:description": "Image of the logo",
				"required": true,
				"datatype": "anyURI",
				"propertyUrl": "https://schema.org/image",
				"valueUrl": "{Image}"
			},{
				"@type":"Column",
				"name": "CreationDate",
				"titles": "CreationDate",
				"dc:description": "Creation date of the logo",
				"required": true,
				"datatype": "date",
				"propertyUrl": "https://schema.org/uploadDate"
			}],
			"primaryKey": "ID"
		}
  }, {
    "@type": "Table",
  	"@id": "https://example.org/data-4.csv-metadata.json",
    "url": "data-4.csv",
    "tableSchema": {
			"@type": "Schema",
			"aboutUrl": "https://example.org/resource/{ID}",
			"columns": [{
				"@type": "Column",
				"name": "ID",
				"titles": "ID",
				"dc:description": "ID of business",
				"datatype": "string",
				"required": true,
				"propertyUrl": "rdf:type",
				"valueUrl": "https://schema.org/LocalBusiness"
			}, {
				"@type": "Column",
				"name": "Name",
				"titles": "Name",
				"dc:description": "Name of the business",
				"datatype": "string",
				"lang": "en",
				"required": true,
				"propertyUrl": "https://schema.org/legalName"
			}, {
				"@type": "Column",
				"name": "Capacity",
				"titles": "Capacity",
				"dc:description": "Capacity of the business",
				"datatype": "integer",
				"required": true,
				"propertyUrl": "https://example.org/vocabulary/capacity"
			}, {
				"@type": "Column",
				"name": "LogoID",
				"titles": "LogoID",
				"dc:description": "Logo image of the business",
				"datatype": "string",
				"propertyUrl": "https://schema.org/logo",
				"valueUrl": "https://example.org/resource/{LogoID}"
			}],
			"primaryKey": "ID",
			"foreignKeys": [{
				"columnReference": "LogoID",
				"reference": {
					"resource": "data-3.csv",
					"columnReference": "ID"
				}
			}]
		}
  }, {
    "@type": "Table",
		"@id": "https://example.org/data-5.csv-metadata.json",
		"url": "data-5.csv",
		"tableSchema": {
			"@type": "Schema",
			"aboutUrl": "https://example.org/resource/{ProductID}",
			"columns": [{
				"@type": "Column",
				"name": "ProductID",
				"titles": "ProductID",
				"dc:description": "Product name",
				"required": true,
				"datatype": "string",
				"propertyUrl": "https://example.org/vocabulary/hasManufactor",
				"valueUrl": "https://example.org/resource/{EmployeeID}"
			},{
				"@type": "Column",
				"name": "EmployeeID",
				"titles": "EmployeeID",
				"dc:description": "Employee URI",
				"required": true,
				"datatype": "string",
				"suppressOutput": true
			}],
			"primaryKey": ["EmployeeID", "ProductID"],
			"foreignKeys": [{
				"columnReference": "EmployeeID",
				"reference": {
					"resource": "data-1.csv",
					"columnReference": "ID"
				}
			},{
				"columnReference": "ProductID",
				"reference": {
					"resource": "data-6.csv",
					"columnReference": "ID"
				}
			}]
		}
  }, {
    "@type": "Table",
		"@id": "https://example.org/data-6.csv-metadata.json",
		"url": "data-6.csv",
		"tableSchema": {
			"@type": "Schema",
			"aboutUrl": "https://example.org/resource/{ID}",
			"columns": [{
				"@type": "Column",
				"name": "ID",
				"titles": "ID",
				"dc:description": "Product ID",
				"required": true,
				"datatype": "string",
				"propertyUrl": "rdf:type",
				"valueUrl": "https://schema.org/Product"
			}, {
				"@type": "Column",
				"name": "Name",
				"titles": "Name",
				"dc:description": "The product's name",
				"required": true,
				"datatype": "string",
				"lang": "en",
				"propertyUrl": "https://schema.org/name"
			}, {
				"@type": "Column",
				"name": "PreparationTime",
				"titles": "PreparationTime",
				"dc:description": "Amount of time it takes to prepare the product",
				"required": true,
				"datatype": "integer",
				"propertyUrl": "https://example.org/vocabulary/preparationTime"
			}, {
				"@type": "Column",
				"name": "Price",
				"titles": "Price",
				"dc:description": "Amount of money it takes to buy the product",
				"required": true,
				"datatype": "integer",
				"propertyUrl": "https://example.org/vocabulary/price"
			}, {
				"@type": "Column",
				"name": "ShopID",
				"titles": "ShopID",
				"dc:description": "The shop's URI the product is produced by",
				"required": true,
				"datatype": "string",
				"aboutUrl": "https://example.org/resource/{ShopID}",
				"propertyUrl": "https://schema.org/owns",
				"valueUrl": "https://example.org/resource/{ID}"
			}],
			"primaryKey": "ID",
			"foreignKeys": [{
				"columnReference": "ShopID",
				"reference": {
					"resource": "data-4.csv",
					"columnReference": "ID"
				}
			}]
		}
  }, {
		"@type": "Table",
		"@id": "https://example.org/ShopVisitor",
		"url": "data-7.csv",
		"tableSchema": {
			"@type": "Schema",
			"aboutUrl": "https://example.org/resource/{ShopID}",
			"columns": [{
				"@type": "Column",
				"name": "ShopID",
				"titles": "ShopID",
				"dc:description": "Shop ID",
				"required": true,
				"datatype": "string",
				"propertyUrl": "https://example.org/vocabulary/serves",
				"valueUrl":"https://example.org/resource/{CustomerID}"
			}, {
				"@type": "Column",
				"name": "CustomerID",
				"titles": "CustomerID",
				"dc:description": "Customer ID",
				"required": true,
				"datatype": "string",
				"suppressOutput": true
			}],
			"primaryKey": ["ShopID", "CustomerID"],
			"foreignKeys": [{
				"columnReference": "ShopID",
				"reference": {
					"resource": "data-4.csv",
					"columnReference": "ID"
				}
			}, {
				"columnReference": "CustomerID",
				"reference": {
					"resource": "data-2.csv",
					"columnReference": "ID"
				}
			}]
		}
  }, {
    "@id": "https://example.org/data-8.csv-metadata.json",
    "url": "data-8.csv",
    "tableSchema": {
			"@type": "Schema",
      "aboutUrl": "https://example.org/resource/{ID}",
      "columns": [{
				"@type": "Column",
        "name": "ID",
        "titles": "ID",
				"dc:description": "The person's URI",
        "datatype": "string",
        "suppressOutput": true
      }, {
				"@type": "Column",
        "name": "Fullname",
        "titles": "Fullname",
				"dc:description": "The person's full name",
        "datatype": "string",
				"required": true,
      	"lang": "en",
        "propertyUrl": "https://example.org/vocabulary/fullname"
      }],
      "primaryKey": "ID"
    }
  }, {
		"@type": "Table",
		"@id": "https://example.org/data-9.csv-metadata.json",
		"url": "data-9.csv",
		"tableSchema": {
			"@type": "Schema",
			"aboutUrl": "https://example.org/resource/{ID}",
			"columns": [{
				"@type": "Column",
				"name": "ID",
				"titles": "ID",
				"dc:description": "The person's URI",
				"datatype": "string",
				"suppressOutput": true
			},{
				"@type": "Column",
				"name": "PhoneNumber",
				"titles": "PhoneNumber",
				"dc:description": "The phone number",
				"datatype": "anyURI",
				"required": true,
				"propertyUrl": "http://xmlns.com/foaf/0.1/phone",
				"valueUrl": "{PhoneNumber}"
			}],
			"primaryKey": ["ID", "PhoneNumber"],
			"foreignKeys": [{
				"columnReference": "ID",
				"reference": {
					"resource": "data-8.csv",
					"columnReference": "ID"
				}
			}]
		}
  }]
}
